<?xml version="1.0" encoding="utf-8"?>
<NetworkConfiguration xmlns:xsi="http://www.w3.org/2001/XMLSchema-instance" xmlns:xsd="http://www.w3.org/2001/XMLSchema">
  <EnableUPnP>false</EnableUPnP>
  <PublicPort>8096</PublicPort>
  <UPnPCreateHttpPortMap>false</UPnPCreateHttpPortMap>
  <UDPPortRange />
  <EnableIPV6>false</EnableIPV6>
  <EnableIPV4>true</EnableIPV4>
  <EnableSSDPTracing>false</EnableSSDPTracing>
  <SSDPTracingFilter />
  <UDPSendCount>2</UDPSendCount>
  <UDPSendDelay>100</UDPSendDelay>
  <IgnoreVirtualInterfaces>true</IgnoreVirtualInterfaces>
  <VirtualInterfaceNames>vEthernet*</VirtualInterfaceNames>
  <GatewayMonitorPeriod>60</GatewayMonitorPeriod>
  <TrustAllIP6Interfaces>false</TrustAllIP6Interfaces>
  <HDHomerunPortRange />
  <PublishedServerUriBySubnet />
  <AutoDiscoveryTracing>false</AutoDiscoveryTracing>
  <AutoDiscovery>true</AutoDiscovery>
  <PublicHttpsPort>8920</PublicHttpsPort>
  <HttpServerPortNumber>8096</HttpServerPortNumber>
  <HttpsPortNumber>8920</HttpsPortNumber>
  <EnableHttps>false</EnableHttps>
  <CertificatePath />
  <CertificatePassword />
  <EnableRemoteAccess>true</EnableRemoteAccess>
  <BaseUrl />
  <LocalNetworkSubnets />
  <LocalNetworkAddresses />
  <RequireHttps>false</RequireHttps>
  <RemoteIPFilter />
  <IsRemoteIPFilterBlacklist>false</IsRemoteIPFilterBlacklist>
  <KnownProxies />
</NetworkConfiguration>