<?xml version="1.0" encoding="utf-8"?>
<LibraryOptions xmlns:xsi="http://www.w3.org/2001/XMLSchema-instance" xmlns:xsd="http://www.w3.org/2001/XMLSchema">
  <EnablePhotos>true</EnablePhotos>
  <EnableRealtimeMonitor>true</EnableRealtimeMonitor>
  <EnableChapterImageExtraction>false</EnableChapterImageExtraction>
  <ExtractChapterImagesDuringLibraryScan>false</ExtractChapterImagesDuringLibraryScan>
  <PathInfos>
    <MediaPathInfo>
      <Path>/data/films</Path>
    </MediaPathInfo>
  </PathInfos>
  <SaveLocalMetadata>false</SaveLocalMetadata>
  <EnableInternetProviders>true</EnableInternetProviders>
  <EnableAutomaticSeriesGrouping>false</EnableAutomaticSeriesGrouping>
  <EnableEmbeddedTitles>false</EnableEmbeddedTitles>
  <EnableEmbeddedEpisodeInfos>false</EnableEmbeddedEpisodeInfos>
  <AutomaticRefreshIntervalDays>0</AutomaticRefreshIntervalDays>
  <PreferredMetadataLanguage>fr</PreferredMetadataLanguage>
  <MetadataCountryCode>FR</MetadataCountryCode>
  <SeasonZeroDisplayName>Specials</SeasonZeroDisplayName>
  <MetadataSavers />
  <DisabledLocalMetadataReaders />
  <LocalMetadataReaderOrder>
    <string>Nfo</string>
  </LocalMetadataReaderOrder>
  <DisabledSubtitleFetchers />
  <SubtitleFetcherOrder />
  <SkipSubtitlesIfEmbeddedSubtitlesPresent>false</SkipSubtitlesIfEmbeddedSubtitlesPresent>
  <SkipSubtitlesIfAudioTrackMatches>false</SkipSubtitlesIfAudioTrackMatches>
  <SubtitleDownloadLanguages />
  <RequirePerfectSubtitleMatch>true</RequirePerfectSubtitleMatch>
  <SaveSubtitlesWithMedia>true</SaveSubtitlesWithMedia>
  <TypeOptions>
    <TypeOptions>
      <Type>Movie</Type>
      <MetadataFetchers>
        <string>TheMovieDb</string>
        <string>The Open Movie Database</string>
      </MetadataFetchers>
      <MetadataFetcherOrder>
        <string>TheMovieDb</string>
        <string>The Open Movie Database</string>
      </MetadataFetcherOrder>
      <ImageFetchers>
        <string>TheMovieDb</string>
        <string>The Open Movie Database</string>
        <string>Screen Grabber</string>
      </ImageFetchers>
      <ImageFetcherOrder>
        <string>TheMovieDb</string>
        <string>The Open Movie Database</string>
        <string>Screen Grabber</string>
      </ImageFetcherOrder>
      <ImageOptions />
    </TypeOptions>
  </TypeOptions>
</LibraryOptions>