<?xml version="1.0"?>
<Profile xmlns:xsi="http://www.w3.org/2001/XMLSchema-instance"
  xmlns:xsd="http://www.w3.org/2001/XMLSchema">
  <Name>WDTV Live</Name>
  <Identification>
    <ModelName>WD TV</ModelName>
    <Headers>
      <HttpHeaderInfo name="User-Agent" value="alphanetworks" match="Substring" />
      <HttpHeaderInfo name="User-Agent" value="ALPHA Networks" match="Substring" />
    </Headers>
  </Identification>
  <Manufacturer>Jellyfin</Manufacturer>
  <ManufacturerUrl>https://github.com/jellyfin/jellyfin</ManufacturerUrl>
  <ModelName>Jellyfin Server</ModelName>
  <ModelDescription>UPnP/AV 1.0 Compliant Media Server</ModelDescription>
  <ModelNumber>01</ModelNumber>
  <ModelUrl>https://github.com/jellyfin/jellyfin</ModelUrl>
  <EnableAlbumArtInDidl>false</EnableAlbumArtInDidl>
  <EnableSingleAlbumArtLimit>false</EnableSingleAlbumArtLimit>
  <EnableSingleSubtitleLimit>false</EnableSingleSubtitleLimit>
  <SupportedMediaTypes>Audio,Photo,Video</SupportedMediaTypes>
  <AlbumArtPn>JPEG_SM</AlbumArtPn>
  <MaxAlbumArtWidth>480</MaxAlbumArtWidth>
  <MaxAlbumArtHeight>480</MaxAlbumArtHeight>
  <MaxIconWidth>48</MaxIconWidth>
  <MaxIconHeight>48</MaxIconHeight>
  <MaxStreamingBitrate>140000000</MaxStreamingBitrate>
  <MaxStaticBitrate>140000000</MaxStaticBitrate>
  <MusicStreamingTranscodingBitrate>192000</MusicStreamingTranscodingBitrate>
  <MaxStaticMusicBitrate xsi:nil="true" />
  <ProtocolInfo>http-get:*:video/mpeg:*,http-get:*:video/mp4:*,http-get:*:video/vnd.dlna.mpeg-tts:*,http-get:*:video/avi:*,http-get:*:video/x-matroska:*,http-get:*:video/x-ms-wmv:*,http-get:*:video/wtv:*,http-get:*:audio/mpeg:*,http-get:*:audio/mp3:*,http-get:*:audio/mp4:*,http-get:*:audio/x-ms-wma:*,http-get:*:audio/wav:*,http-get:*:audio/L16:*,http-get:*:image/jpeg:*,http-get:*:image/png:*,http-get:*:image/gif:*,http-get:*:image/tiff:*</ProtocolInfo>
  <TimelineOffsetSeconds>5</TimelineOffsetSeconds>
  <RequiresPlainVideoItems>false</RequiresPlainVideoItems>
  <RequiresPlainFolders>false</RequiresPlainFolders>
  <EnableMSMediaReceiverRegistrar>false</EnableMSMediaReceiverRegistrar>
  <IgnoreTranscodeByteRangeRequests>true</IgnoreTranscodeByteRangeRequests>
  <XmlRootAttributes />
  <DirectPlayProfiles>
    <DirectPlayProfile container="avi" audioCodec="ac3,eac3,dca,mp2,mp3,pcm,dts" videoCodec="mpeg1video,mpeg2video,mpeg4,h264,vc1" type="Video" />
    <DirectPlayProfile container="mpeg" audioCodec="ac3,eac3,dca,mp2,mp3,pcm,dts" videoCodec="mpeg1video,mpeg2video" type="Video" />
    <DirectPlayProfile container="mkv" audioCodec="ac3,eac3,dca,aac,mp2,mp3,pcm,dts" videoCodec="mpeg1video,mpeg2video,mpeg4,h264,vc1" type="Video" />
    <DirectPlayProfile container="ts,m2ts,mpegts" audioCodec="ac3,eac3,dca,mp2,mp3,aac,dts" videoCodec="mpeg1video,mpeg2video,h264,vc1" type="Video" />
    <DirectPlayProfile container="mp4,mov,m4v" audioCodec="ac3,eac3,aac,mp2,mp3,dca,dts" videoCodec="h264,mpeg4" type="Video" />
    <DirectPlayProfile container="asf" audioCodec="wmav2,wmapro" videoCodec="vc1" type="Video" />
    <DirectPlayProfile container="asf" audioCodec="mp2,ac3" videoCodec="mpeg2video" type="Video" />
    <DirectPlayProfile container="mp3" audioCodec="mp2,mp3" type="Audio" />
    <DirectPlayProfile container="mp4" audioCodec="mp4" type="Audio" />
    <DirectPlayProfile container="flac" type="Audio" />
    <DirectPlayProfile container="asf" audioCodec="wmav2,wmapro,wmavoice" type="Audio" />
    <DirectPlayProfile container="ogg" audioCodec="vorbis" type="Audio" />
    <DirectPlayProfile container="jpeg,png,gif,bmp,tiff" type="Photo" />
  </DirectPlayProfiles>
  <TranscodingProfiles>
    <TranscodingProfile container="mp3" type="Audio" audioCodec="mp3" estimateContentLength="false" enableMpegtsM2TsMode="false" transcodeSeekInfo="Auto" copyTimestamps="false" context="Streaming" enableSubtitlesInManifest="false" minSegments="0" segmentLength="0" breakOnNonKeyFrames="false" />
    <TranscodingProfile container="ts" type="Video" videoCodec="h264" audioCodec="aac" estimateContentLength="false" enableMpegtsM2TsMode="false" transcodeSeekInfo="Auto" copyTimestamps="false" context="Streaming" enableSubtitlesInManifest="false" minSegments="0" segmentLength="0" breakOnNonKeyFrames="false" />
    <TranscodingProfile container="jpeg" type="Photo" estimateContentLength="false" enableMpegtsM2TsMode="false" transcodeSeekInfo="Auto" copyTimestamps="false" context="Streaming" enableSubtitlesInManifest="false" minSegments="0" segmentLength="0" breakOnNonKeyFrames="false" />
  </TranscodingProfiles>
  <ContainerProfiles>
    <ContainerProfile type="Photo">
      <Conditions>
        <ProfileCondition condition="LessThanEqual" property="Width" value="1920" isRequired="true" />
        <ProfileCondition condition="LessThanEqual" property="Height" value="1080" isRequired="true" />
      </Conditions>
    </ContainerProfile>
  </ContainerProfiles>
  <CodecProfiles>
    <CodecProfile type="Video" codec="h264">
      <Conditions>
        <ProfileCondition condition="LessThanEqual" property="Width" value="1920" isRequired="true" />
        <ProfileCondition condition="LessThanEqual" property="Height" value="1080" isRequired="true" />
        <ProfileCondition condition="LessThanEqual" property="VideoLevel" value="41" isRequired="true" />
      </Conditions>
      <ApplyConditions />
    </CodecProfile>
    <CodecProfile type="VideoAudio" codec="aac">
      <Conditions>
        <ProfileCondition condition="LessThanEqual" property="AudioChannels" value="2" isRequired="true" />
      </Conditions>
      <ApplyConditions />
    </CodecProfile>
  </CodecProfiles>
  <ResponseProfiles>
    <ResponseProfile container="ts,mpegts" type="Video" orgPn="MPEG_TS_SD_NA">
      <Conditions />
    </ResponseProfile>
  </ResponseProfiles>
  <SubtitleProfiles>
    <SubtitleProfile format="srt" method="External" />
    <SubtitleProfile format="srt" method="Embed" />
    <SubtitleProfile format="sub" method="Embed" />
    <SubtitleProfile format="subrip" method="Embed" />
    <SubtitleProfile format="idx" method="Embed" />
  </SubtitleProfiles>
</Profile>
